[
{
    "name":"1jpg",
    "url":"1.jpg",
    "width":200,
    "height":550
  },
  {
    "name":"2jpg",
    "url":"2.jpg",
    "width":200,
    "height":380
  },
    {
    "name":"3jpg",
    "url":"3.jpg",
    "width":200,
    "height":400
  },
    {
    "name":"4jpg",
    "url":"4.jpg",
    "width":200,
    "height":100
  },
  {
    "name":"5jpg",
    "url":"5.jpg",
    "width":200,
    "height":340
  },
  {
    "name":"6jpg",
    "url":"6.jpg",
    "width":200,
    "height":280
  },
  {
    "name":"7jpg",
    "url":"7.jpg",
    "width":200,
    "height":210
  },
  {
    "name":"8jpg",
    "url":"8.jpg",
    "width":200,
    "height":310
  },
  {
    "name":"9jpg",
    "url":"9.jpg",
    "width":200,
    "height":100
  },
  {
    "name":"10jpg",
    "url":"10.jpg",
    "width":200,
    "height":180
  },
  {
    "name":"11jpg",
    "url":"11.jpg",
    "width":200,
    "height":340
  },
  {
    "name":"12jpg",
    "url":"12.jpg",
    "width":200,
    "height":380
  },
    {
    "name":"13jpg",
    "url":"13.jpg",
    "width":200,
    "height":200
  },
    {
    "name":"14jpg",
    "url":"14.jpg",
    "width":200,
    "height":150
  },
  {
    "name":"15jpg",
    "url":"15.jpg",
    "width":200,
    "height":450
  },
  {
    "name":"16jpg",
    "url":"16.jpg",
    "width":200,
    "height":300
  },
  {
    "name":"17jpg",
    "url":"17.jpg",
    "width":200,
    "height":350
  },
  {
    "name":"18jpg",
    "url":"18.jpg",
    "width":200,
    "height":250
  },
  {
    "name":"19jpg",
    "url":"19.jpg",
    "width":200,
    "height":400
  },
  {
    "name":"20jpg",
    "url":"20.jpg",
    "width":200,
    "height":200
  },
  {
    "name":"21jpg",
    "url":"21.jpg",
    "width":200,
    "height":300
  },
  {
    "name":"22jpg",
    "url":"22.jpg",
    "width":200,
    "height":360
  },
    {
    "name":"23jpg",
    "url":"23.jpg",
    "width":200,
    "height":330
  },
    {
    "name":"24jpg",
    "url":"24.jpg",
    "width":200,
    "height":200
  },
  {
    "name":"25jpg",
    "url":"25.jpg",
    "width":200,
    "height":350
  },
  {
    "name":"26jpg",
    "url":"26.jpg",
    "width":200,
    "height":450
  },
  {
    "name":"27jpg",
    "url":"27.jpg",
    "width":200,
    "height":300
  },
  {
    "name":"28jpg",
    "url":"28.jpg",
    "width":200,
    "height":350
  },
  {
    "name":"29jpg",
    "url":"29.jpg",
    "width":200,
    "height":400
  },
  {
    "name":"30jpg",
    "url":"30.jpg",
    "width":200,
    "height":200
  },{
    "name":"31jpg",
    "url":"31.jpg",
    "width":200,
    "height":300
  },
  {
    "name":"32jpg",
    "url":"32.jpg",
    "width":200,
    "height":200
  },
    {
    "name":"33jpg",
    "url":"33.jpg",
    "width":200,
    "height":310
  },
    {
    "name":"34jpg",
    "url":"34.jpg",
    "width":200,
    "height":340
  },
  {
    "name":"35jpg",
    "url":"35.jpg",
    "width":200,
    "height":600
  },
  {
    "name":"36jpg",
    "url":"36.jpg",
    "width":200,
    "height":300
  },
  {
    "name":"37jpg",
    "url":"37.jpg",
    "width":200,
    "height":500
  },
  {
    "name":"38jpg",
    "url":"38.jpg",
    "width":200,
    "height":200
  },
  {
    "name":"39jpg",
    "url":"39.jpg",
    "width":200,
    "height":400
  },
  {
    "name":"40jpg",
    "url":"40.jpg",
    "width":200,
    "height":550
  },
  {
    "name":"41jpg",
    "url":"41.jpg",
    "width":200,
    "height":300
  },
  {
    "name":"42jpg",
    "url":"42.jpg",
    "width":200,
    "height":450
  },
    {
    "name":"43jpg",
    "url":"43.jpg",
    "width":200,
    "height":150
  },
    {
    "name":"44jpg",
    "url":"44.jpg",
    "width":200,
    "height":250
  },
  {
    "name":"45jpg",
    "url":"45.jpg",
    "width":200,
    "height":350
  },
  {
    "name":"46jpg",
    "url":"46.jpg",
    "width":200,
    "height":300
  },
  {
    "name":"47jpg",
    "url":"47.jpg",
    "width":200,
    "height":200
  },
  {
    "name":"48jpg",
    "url":"48.jpg",
    "width":200,
    "height":400
  },
  {
    "name":"49jpg",
    "url":"49.jpg",
    "width":200,
    "height":500
  },
  {
    "name":"50jpg",
    "url":"50.jpg",
    "width":200,
    "height":300
  }


]