[{"Id":1,"Name":"gao","password":"123","ImgSrc":null},{"Id":1,"Name":"gao1231","password":"gao","ImgSrc":null},{"Id":1,"Name":"132","password":"546","ImgSrc":null},{"Id":1,"Name":"110","password":"a2652656","ImgSrc":null},{"Id":1,"Name":"12345","password":"","ImgSrc":null},{"Id":1,"Name":"54645","password":"456546","ImgSrc":null},{"Id":1,"Name":"546451","password":"456546","ImgSrc":null},{"Id":1,"Name":"123","password":"456","ImgSrc":null},{"Id":1,"Name":"","password":"","ImgSrc":null},{"Id":1,"Name":"123421421","password":"","ImgSrc":null}]