[
  {
    "name":"11jpg",
    "url":"11.jpg",
    "width":200,
    "height":300
  },
  {
    "name":"12jpg",
    "url":"12.jpg",
    "width":200,
    "height":300
  },
    {
    "name":"13jpg",
    "url":"13.jpg",
    "width":200,
    "height":300
  },
    {
    "name":"14jpg",
    "url":"14.jpg",
    "width":200,
    "height":300
  },
  {
    "name":"15jpg",
    "url":"15.jpg",
    "width":200,
    "height":300
  },
  {
    "name":"16jpg",
    "url":"16.jpg",
    "width":200,
    "height":300
  },
  {
    "name":"17jpg",
    "url":"17.jpg",
    "width":200,
    "height":300
  },
  {
    "name":"18jpg",
    "url":"18.jpg",
    "width":200,
    "height":300
  },
  {
    "name":"19jpg",
    "url":"19.jpg",
    "width":200,
    "height":300
  },
  {
    "name":"20jpg",
    "url":"20.jpg",
    "width":200,
    "height":300
  }


]