[
  {
    "name":"21jpg",
    "url":"21.jpg",
    "width":200,
    "height":300
  },
  {
    "name":"22jpg",
    "url":"22.jpg",
    "width":200,
    "height":300
  },
    {
    "name":"23jpg",
    "url":"23.jpg",
    "width":200,
    "height":300
  },
    {
    "name":"24jpg",
    "url":"24.jpg",
    "width":200,
    "height":300
  },
  {
    "name":"25jpg",
    "url":"25.jpg",
    "width":200,
    "height":300
  },
  {
    "name":"26jpg",
    "url":"26.jpg",
    "width":200,
    "height":300
  },
  {
    "name":"27jpg",
    "url":"27.jpg",
    "width":200,
    "height":300
  },
  {
    "name":"28jpg",
    "url":"28.jpg",
    "width":200,
    "height":300
  },
  {
    "name":"29jpg",
    "url":"29.jpg",
    "width":200,
    "height":300
  },
  {
    "name":"30jpg",
    "url":"30.jpg",
    "width":200,
    "height":300
  }


]