[
  {
    "name":"41jpg",
    "url":"41.jpg",
    "width":200,
    "height":300
  },
  {
    "name":"42jpg",
    "url":"42.jpg",
    "width":200,
    "height":300
  },
    {
    "name":"43jpg",
    "url":"43.jpg",
    "width":200,
    "height":300
  },
    {
    "name":"44jpg",
    "url":"44.jpg",
    "width":200,
    "height":300
  },
  {
    "name":"45jpg",
    "url":"45.jpg",
    "width":200,
    "height":300
  },
  {
    "name":"46jpg",
    "url":"46.jpg",
    "width":200,
    "height":300
  },
  {
    "name":"47jpg",
    "url":"47.jpg",
    "width":200,
    "height":300
  },
  {
    "name":"48jpg",
    "url":"48.jpg",
    "width":200,
    "height":300
  },
  {
    "name":"49jpg",
    "url":"49.jpg",
    "width":200,
    "height":300
  },
  {
    "name":"50jpg",
    "url":"50.jpg",
    "width":200,
    "height":300
  }


]