[
  {
    "name":"1jpg",
    "url":"1.jpg",
    "width":200,
    "height":550
  },
  {
    "name":"2jpg",
    "url":"2.jpg",
    "width":200,
    "height":380
  },
    {
    "name":"3jpg",
    "url":"3.jpg",
    "width":200,
    "height":400
  },
    {
    "name":"4jpg",
    "url":"4.jpg",
    "width":200,
    "height":100
  },
  {
    "name":"5jpg",
    "url":"5.jpg",
    "width":200,
    "height":340
  },
  {
    "name":"6jpg",
    "url":"6.jpg",
    "width":200,
    "height":280
  },
  {
    "name":"7jpg",
    "url":"7.jpg",
    "width":200,
    "height":210
  },
  {
    "name":"8jpg",
    "url":"8.jpg",
    "width":200,
    "height":310
  },
  {
    "name":"9jpg",
    "url":"9.jpg",
    "width":200,
    "height":100
  },
  {
    "name":"10jpg",
    "url":"10.jpg",
    "width":200,
    "height":180
  }
]