[
  {
    "name":"31jpg",
    "url":"31.jpg",
    "width":200,
    "height":300
  },
  {
    "name":"32jpg",
    "url":"32.jpg",
    "width":200,
    "height":300
  },
    {
    "name":"33jpg",
    "url":"33.jpg",
    "width":200,
    "height":300
  },
    {
    "name":"34jpg",
    "url":"34.jpg",
    "width":200,
    "height":300
  },
  {
    "name":"35jpg",
    "url":"35.jpg",
    "width":200,
    "height":300
  },
  {
    "name":"36jpg",
    "url":"36.jpg",
    "width":200,
    "height":300
  },
  {
    "name":"37jpg",
    "url":"37.jpg",
    "width":200,
    "height":300
  },
  {
    "name":"38jpg",
    "url":"38.jpg",
    "width":200,
    "height":300
  },
  {
    "name":"39jpg",
    "url":"39.jpg",
    "width":200,
    "height":300
  },
  {
    "name":"40jpg",
    "url":"40.jpg",
    "width":200,
    "height":300
  }


]